{"search":"","showTags":false,"showAttachments":false,"hideUnresolved":false,"showOrphans":true,"showArrow":true,"textFadeMultiplier":-3,"nodeSizeMultiplier":1.31123595505618,"lineSizeMultiplier":2.06837606837607,"centerStrength":0.589887640449438,"repelStrength":14.017094017094,"linkStrength":0.341880341880342,"linkDistance":110,"scale":1.4019828977761042}